<?xml version="1.0" encoding="UTF-8" standalone="yes"?>
<addon id="repository.morpheas" name="M0rpheas Repository" version="1.1" provider-name="M0rpheas">
  <extension point="xbmc.addon.repository" name="M0rpheas Repository">
    <dir>
      <info compressed="false">https://raw.githubusercontent.com/m0rpheas/m0rpheas.github.io/master/zips/addons.xml</info>
      <checksum>https://raw.githubusercontent.com/m0rpheas/m0rpheas.github.io/master/zips/addons.xml.md5</checksum>
      <datadir zip="true">https://raw.githubusercontent.com/m0rpheas/m0rpheas.github.io/master/zips/</datadir>
    </dir>
  </extension>
  <extension point="xbmc.addon.metadata">
    <summary>M0rpheas Repository</summary>
    <description>Use content at your own risk and responsibility.</description>
    <disclaimer></disclaimer>
    <platform>all</platform>
      <assets>
        <icon>icon.png</icon>
        <fanart>fanart.jpg</fanart>
      </assets>
  </extension>
</addon>
